Date,R,CGDP,CPIR,INVR,HP,IR,ROP,IROR,LSOI,RGDP,RGDP.1,MA,TOBQ,CGDP_change,HP_change,IR_change,LSOI_change
1970Q3,1.0,90.6,1.035375323554777,0.007123535687728388,1.561011847955296,5.294624676445223,18.358,-16.431210735006538,113.18,5357.077,0.9214673849564649,44.1,0.6296,0.3999999999999915,0.8284630233861279,0.014449698317481996,-0.519999999999996
1970Q4,0.0,91.4,1.451750640478222,-0.025574626546248317,1.263789139447713,3.8982493595217775,18.701,-64.10358002064791,113.699,5299.672,-1.0715731732062197,45.4,0.6842,0.8000000000000114,-0.2972227085075829,-1.3963753169234456,0.5189999999999912
1971Q1,0.0,90.9,0.8417508417508213,0.01699940699743041,2.694829073432592,2.9982491582491786,18.799,126.05257071399998,111.541,5443.619,2.716149225838893,51.2,0.7342,-0.5,1.431039933984879,-0.9000002012725989,-2.1580000000000013
1971Q2,0.0,91.8,0.9181969949916712,0.02201706079257093,2.6751179158618577,3.3318030050083287,18.849,0.5686339686841047,111.502,5473.059,0.5408166883097643,53.8,0.7203,0.8999999999999915,-0.019711157570734272,0.3335538467591501,-0.03900000000000148
1971Q3,0.0,92.1,0.9925558312654958,0.012403723230039354,1.0805990359583628,4.017444168734504,18.937,7.802701054660607,110.939,5518.072,0.8224468254407702,55.1,0.6915,0.29999999999999716,-1.5945188799034948,0.6856411637261752,-0.5630000000000024
1971Q4,0.0,92.5,0.7371007371007376,0.02880310572618261,2.378419249233588,3.492899262899263,19.075,33.84431844540505,112.253,5531.032,0.234864641128274,57.6,0.7304,0.4000000000000057,1.2978202132752252,-0.5245449058352412,1.3140000000000072
1972Q1,0.0,92.5,0.8130081300813163,0.04908554213201066,0.2992953375711593,2.626991869918684,19.321,31.620192882318698,112.234,5632.649,1.8372159119672384,59.8,0.7495,0.0,-2.0791239116624287,-0.8659073929805787,-0.019000000000005457
1972Q2,0.0,93.7,0.6451612903225712,0.025826226528204765,2.8023338261222275,3.124838709677429,19.651,8.83344371896453,110.916,5760.47,2.2692875057543915,58.6,0.7365,1.2000000000000028,2.503038488551068,0.4978468397587448,-1.3179999999999978
1972Q3,0.0,93.9,0.8012820512820484,0.020387772991620645,1.9676917918951544,3.418717948717952,20.137,37.52645446494692,111.069,5814.854,0.9440896315751957,65.1,0.7377,0.20000000000000284,-0.8346420342270731,0.2938792390405234,0.1530000000000058
1972Q4,0.0,94.6,1.0333863275039823,0.050131170558675775,2.162220935975645,3.826613672496018,20.794,53.5930505030591,111.527,5912.22,1.6744358499800605,70.5,0.8282,0.6999999999999886,0.1945291440804906,0.4078957237780658,0.4579999999999984
1973Q1,0.0,94.8,1.5735641227379915,0.04367407615914432,4.323769635293129,4.126435877262009,21.767,40.53747253457229,111.289,6058.544,2.47494173085574,69.6,0.7563,0.20000000000000284,2.1615486993174837,0.29982220476599064,-0.23799999999999955
1973Q2,0.0,95.8,2.091402013942689,0.04861438878025748,2.377056878242101,4.50859798605731,22.89,-42.460697989750564,111.56,6124.506,1.0887434340660196,65.0,0.6832,1.0,-1.9467127570510279,0.38216210879530177,0.2710000000000008
1973Q3,0.0,96.2,1.9726858877086475,0.03236721965020584,2.533832726183416,6.347314112291353,24.299,-13.729176406669687,113.108,6092.301,-0.5258383288382795,63.5,0.6993,0.4000000000000057,0.15677584794131505,1.8387161262340426,1.5480000000000018
1973Q4,1.0,96.3,2.529761904761907,0.0253108382706726,2.0988195479026306,4.970238095238093,25.977,8.369195266191229,113.45,6150.131,0.949230840695492,63.6,0.5754,0.09999999999999432,-0.43501317828078534,-1.3770760170532599,0.34199999999999875
1974Q1,1.0,96.3,2.9753265602321832,0.02710070314516977,2.4205033909588725,4.644673439767817,28.051,-57.869704132023486,113.742,6097.258,-0.8597052648146919,61.8,0.5363,0.0,0.32168384305624187,-0.32556465547027624,0.2920000000000016
1974Q2,1.0,97.9,2.6779422128259567,0.03540509969466888,1.9266946246578431,5.472057787174044,29.661,-12.6780153261285,112.917,6111.751,0.2376970106890752,54.7,0.472,1.6000000000000085,-0.4938087663010293,0.8273843474062268,-0.8250000000000028
1974Q3,1.0,98.4,2.8140013726836166,0.03146688372890072,2.6296354209585093,5.375998627316383,30.948,-46.4857732218977,113.927,6053.978,-0.9452773845007756,46.2,0.3325,0.5,0.7029407963006662,-0.09605915985766078,1.0100000000000051
1974Q4,1.0,98.6,3.0707610146862407,0.013180210301884987,0.6176640032689473,4.28923898531376,31.907,-33.56611361177019,112.602,6030.464,-0.3884057722046585,30.9,0.3108,0.19999999999998863,-2.011971417689562,-1.0867596420026233,-1.3250000000000028
1975Q1,0.0,97.2,2.1373056994818507,-0.02944050067298432,2.621212450857069,3.612694300518149,32.614,-9.579099165204667,111.474,5957.035,-1.2176343312886084,31.6,0.3988,-1.3999999999999915,2.0035484475881216,-0.6765446847956107,-1.1280000000000001
1975Q2,0.0,96.9,1.2048192771084263,-0.003378996719557325,2.809660858630325,4.185180722891573,32.758,79.41100542256737,110.375,5999.61,0.7147011894339972,45.1,0.447,-0.29999999999999716,0.18844840777325622,0.5724864223734243,-1.0990000000000038
1975Q3,0.0,96.2,2.005012531328343,0.021543503750688583,1.7703956032396828,4.324987468671657,32.432,123.28714139869999,109.301,6102.326,1.712044616233399,54.4,0.3933,-0.7000000000000028,-1.0392652553906423,0.139806745780084,-1.073999999999998
1975Q4,0.0,95.9,1.842751842751844,0.026517037282885347,1.845341957342983,3.787248157248156,31.617,13.461407271895743,109.402,6184.53,1.3470928953975836,54.9,0.4151,-0.29999999999999716,0.0749463541033002,-0.537739311423501,0.10099999999999909
1976Q1,0.0,94.2,1.1459589867309772,0.03555863908553869,-2.701282720612319,3.774041013269023,30.336,83.62006201549804,108.64,6323.649,2.249467623247048,58.4,0.4646,-1.7000000000000028,-4.546624677955302,-0.01320714397913303,-0.7620000000000005
1976Q2,0.0,94.2,0.8944543828264706,0.029823465896525292,3.1365945852137145,4.2655456171735295,29.676,-34.961157201060615,108.462,6370.025,0.7333740376798126,58.2,0.4586,0.0,5.837877305826034,0.49150460390450634,-0.17799999999999727
1976Q3,0.0,94.1,1.5957446808510634,0.03919203147994921,2.5129691796337283,3.554255319148937,29.646,-7.006393022183633,108.961,6404.895,0.5474075847426096,53.6,0.4525,-0.10000000000000853,-0.6236254055799861,-0.7112902980245925,0.4989999999999952
1976Q4,0.0,94.7,1.4543339150668857,0.03700282018866097,3.997537582826638,3.2156660849331145,30.248,-27.090246800977624,108.957,6451.177,0.7226035711748402,56.6,0.4572,0.6000000000000085,1.4845684031929096,-0.33858923421582254,-0.0040000000000048885
1977Q1,0.0,94.8,1.83486238532109,0.05952548412810055,4.06920569043705,2.79513761467891,31.482,30.658717336312947,108.784,6527.703,1.1862331478426524,58.4,0.4117,0.09999999999999432,0.07166810761041198,-0.4205284702542045,-0.1729999999999876
1977Q2,0.0,95.9,1.745495495495497,0.045549089460757086,4.579470026848664,3.0945045045045028,32.626,95.75237468424372,108.779,6654.466,1.94192352194944,56.8,0.4129,1.1000000000000085,0.5102643364116144,0.2993668898255928,-0.005000000000009663
1977Q3,0.0,96.2,1.3835085777531786,0.039220977111837696,3.516875243648032,4.116491422246821,33.615,59.23169185348043,108.324,6774.457,1.8031649722156429,53.9,0.3858,0.29999999999999716,-1.0625947832006322,1.0219869177423186,-0.4549999999999983
1977Q4,0.0,97.1,1.473799126637565,0.04847799856429358,2.76246786208616,4.636200873362435,34.442,-47.16499045308891,109.712,6774.592,0.001992779642701,59.8,0.3645,0.8999999999999915,-0.7544073815618724,0.519709451115614,1.3880000000000052
1978Q1,0.0,97.1,1.7213555675094083,0.02168096687886334,4.2259581523030665,4.668644432490591,35.19,-59.62376019345699,111.254,6796.26,0.319842139570925,55.0,0.3362,0.0,1.4634902902169067,0.032443559128155997,1.5420000000000016
1978Q2,0.0,98.1,2.273929138022224,0.09311521534557009,3.3240250547314165,4.206070861977777,36.021,123.57663506680001,108.998,7058.92,3.864772683799611,60.5,0.3498,1.0,-0.90193309757165,-0.46257357051281467,-2.2560000000000002
1978Q3,0.0,98.4,2.326783867631854,0.048148244767345805,4.031384837363383,4.983216132368145,37.015,-5.298624670314755,108.946,7129.915,1.005748754767022,60.5,0.3635,0.30000000000001137,0.7073597826319666,0.7771452703903687,-0.05200000000000671
1978Q4,0.0,98.5,2.3244062657908016,0.047002555253202294,2.8079477787019247,6.245593734209199,38.168,13.428965090152511,108.758,7225.75,1.3441254208500286,59.4,0.3364,0.09999999999999432,-1.2234370586614585,1.2623776018410533,-0.1880000000000024
1979Q1,0.0,97.8,2.51851851851852,0.03879510148453069,4.378627965136106,6.861481481481481,40.134,-41.6688062734304,110.772,7238.727,0.1795938137909569,57.7,0.3458,-0.7000000000000028,1.5706801864341813,0.6158877472722821,2.01400000000001
1979Q2,0.0,99.2,3.17919075144506,0.0193481950456722,4.3912283287903975,6.200809248554941,42.09,-25.556315367909125,110.435,7246.454,0.1067452882254071,52.7,0.3366,1.4000000000000057,0.012600363654291513,-0.6606722329265402,-0.3370000000000033
1979Q3,0.0,100.0,3.221288515406173,0.05118832033763865,3.597458668396536,6.448711484593827,44.643,-33.00369593579954,110.708,7300.281,0.7428046876444716,49.6,0.3448,0.7999999999999972,-0.7937696603938615,0.24790223603888606,0.27299999999999613
1979Q4,0.0,100.6,3.165988240615114,0.023406383364952266,3.490654877865884,8.674011759384886,47.792,-19.33227900500337,111.472,7318.535,0.2500451694941619,44.8,0.3465,0.5999999999999943,-0.10680379053065181,2.225300274791059,0.7639999999999958
1980Q1,1.0,100.8,3.945637878123609,0.037457612381532,2.2338110291029167,9.40436212187639,52.682,-14.43830363737201,111.222,7341.557,0.3145711539263018,43.6,0.3182,0.20000000000000284,-1.2568438487629674,0.7303503624915049,-0.25
1980Q2,1.0,100.3,3.3741037536904277,-0.022504567626007832,1.251284789688656,6.245896246309572,56.35,-82.96579394972478,112.24,7190.289,-2.060434864157568,30.3,0.3458,-0.5,-0.9825262394142606,-3.1584658755668187,1.0180000000000007
1980Q3,0.0,100.8,1.8767849857201035,0.02663401718898961,3.133361084767161,7.273215014279897,59.978,36.273991494267726,112.849,7181.743,-0.1188547497882108,50.1,0.3746,0.5,1.882076295078505,1.0273187679703248,0.6090000000000089
1980Q4,0.0,101.4,2.8033640368442025,0.03770193888050022,2.0992696720920634,10.806635963155797,63.577,71.55407116818826,112.24,7315.677,1.8649233201466495,53.0,0.4009,0.6000000000000085,-1.0340914126750977,3.5334209488759,-0.6090000000000089
1981Q1,0.0,100.0,2.7658745617452407,0.04136057224901335,1.824182252825457,11.62412543825476,67.443,25.505673717892087,109.901,7459.022,1.9594222106853687,49.6,0.3893,-1.4000000000000057,-0.2750874192666064,0.817489475098963,-2.3389999999999986
1981Q2,0.0,100.2,2.084912812736905,0.03919228890633786,1.239842506078226,12.825087187263094,71.093,0.2414642214263262,111.008,7403.745,-0.7410757067079277,50.7,0.3679,0.20000000000000284,-0.5843397467472309,1.200961749008334,1.1069999999999993
1981Q3,1.0,99.5,2.784998143334572,0.03780640171346983,0.9198970377496618,12.265001856665428,74.742,50.27775887665322,110.118,7492.405,1.197502074963408,42.5,0.3124,-0.7000000000000028,-0.3199454683285643,-0.5600853305976656,-0.8900000000000006
1981Q4,1.0,99.4,1.6257225433526037,0.04249732707692577,1.2244328445199404,10.124277456647397,78.377,-49.07694441666044,111.09,7410.768,-1.0895967316235544,37.8,0.3269,-0.09999999999999432,0.3045358067702786,-2.1407244000180317,0.9720000000000084
1982Q1,1.0,99.7,0.8887308922858272,-0.008160684089690506,0.3736126348177659,11.921269107714174,81.982,-50.90608385721345,113.136,7295.631,-1.553644642498586,36.8,0.2916,0.29999999999999716,-0.8508202097021744,1.7969916510667776,2.0459999999999923
1982Q2,1.0,100.6,1.444679351656064,-0.02019255558912969,0.2101107476588204,10.975320648343937,83.928,19.78114013647765,112.536,7328.912,0.456177128475943,38.3,0.2847,0.8999999999999915,-0.1635018871589455,-0.9459484593702374,-0.5999999999999943
1982Q3,1.0,101.2,1.7367141368530792,-0.023078685955019607,0.0723497417925322,7.583285863146921,84.385,-17.08071111152919,112.698,7300.896,-0.3822668357868153,38.8,0.3076,0.6000000000000085,-0.1377610058662882,-3.3920347851970156,0.16199999999999193
1982Q4,0.0,101.9,0.3072721065210171,-0.014828287274896712,0.6820307087588517,7.602727893478983,83.358,-50.11994162246153,112.145,7303.817,0.0400087879624644,42.8,0.3604,0.7000000000000028,0.6096809669663196,0.019442030332061933,-0.5529999999999973
1983Q1,0.0,101.7,0.0680735194009463,-0.01914359459793158,1.0583905128549451,8.041926480599052,81.517,33.26125427152971,111.36,7400.066,1.317790410137598,53.9,0.3927,-0.20000000000000284,0.3763598040960934,0.4391985871200692,-0.7849999999999966
1983Q2,0.0,102.5,1.156462585034013,0.009932444987921674,1.2852830440619911,7.243537414965988,81.13,71.90493365861678,109.523,7568.456,2.2755202453599743,57.5,0.4403,0.7999999999999972,0.226892531207046,-0.7983890656330646,-1.8370000000000033
1983Q3,0.0,102.9,0.9751176866173772,0.040757579354716134,1.369383234185273,8.164882313382623,82.464,51.27553576484582,108.027,7719.746,1.99895460844326,62.5,0.431,0.4000000000000057,0.08410019012328185,0.9213448984166357,-1.4959999999999951
1983Q4,0.0,103.4,0.9990009990010096,0.0600053606765858,1.255808997081331,7.800999000998991,85.511,45.18020113813198,108.1,7880.794,2.0861826282885465,69.9,0.4069,0.5,-0.11357423710394188,-0.36388331238363225,0.07299999999999329
1984Q1,0.0,103.2,1.4177382129904492,0.03182280374234025,1.156658368502539,7.752261787009551,90.317,87.72097044516805,108.616,8034.847,1.9547903421914148,58.9,0.3789,-0.20000000000000284,-0.0991506285787922,-0.04873721398944042,0.5160000000000053
1984Q2,0.0,104.4,0.942782834850453,0.048749139675057895,1.3208406680841556,8.857217165149548,93.658,2.224987908741322,108.167,8173.67,1.72776158649941,58.1,0.356,1.2000000000000028,0.16418229958161668,1.104955378139997,-0.44899999999999807
1984Q3,0.0,104.9,0.8695652173912993,0.030272823317382347,1.4885519489282295,9.4504347826087,95.663,-13.485447362822953,108.352,8252.465,0.9640100468944812,50.0,0.3696,0.5,0.16771128084407394,0.5932176174591515,0.18500000000000227
1984Q4,0.0,106.6,0.8620689655172376,0.02121591591808958,0.6966426349641619,7.937931034482763,96.325,10.679353099158243,108.545,8320.199,0.8207729448110435,50.6,0.365,1.6999999999999886,-0.7919093139640676,-1.512503748125936,0.19299999999999784
1985Q1,0.0,107.6,0.9180120291231386,0.01002017739092631,1.17251490893997,7.261987970876861,95.515,-10.545203161739789,108.367,8400.82,0.96897922754009,47.8,0.3929,1.0,0.4758722739758081,-0.6759430636059021,-0.17799999999999727
1985Q2,0.0,109.2,0.9096612296110472,0.012641320086926644,2.186104465241589,6.550338770388953,95.863,-3.368069650691617,108.403,8474.787,0.8804735728179081,47.8,0.4078,1.6000000000000085,1.013589556301619,-0.7116492004879085,0.036000000000001364
1985Q3,0.0,110.4,0.6216972334472937,-0.010180391830738045,0.8620675359857,6.488302766552707,97.266,38.86055698964433,107.834,8604.22,1.5272714228687922,49.9,0.3819,1.2000000000000028,-1.3240369292558891,-0.06203600383624597,-0.5690000000000026
1985Q4,0.0,113.1,1.019462465245602,0.02093427059120057,1.9045933299129287,6.150537534754398,99.727,-54.07180122356095,109.192,8668.188,0.7434491447220193,50.7,0.4412,2.6999999999999886,1.0425257939272288,-0.33776523179830864,1.3579999999999899
1986Q1,0.0,113.3,0.5198776758409851,-0.007996269322031568,1.9963885347933807,6.380122324159015,103.379,-8.38197208049775,108.895,8749.127,0.9337476298391324,51.0,0.4884,0.20000000000000284,0.09179520488045201,0.22958478940461724,-0.29699999999999704
1986Q2,0.0,115.0,-0.4867660480681324,-0.016911852814571082,1.9285540821116776,6.6267660480681325,106.288,-35.220848911729746,109.212,8788.524,0.4502963552820649,50.5,0.5075,1.7000000000000028,-0.06783445268170318,0.24664372390911726,0.3170000000000073
1986Q3,0.0,116.9,0.6114338122898078,-0.010334796784938205,2.2748690424072127,4.908566187710192,108.624,-14.492843547069418,109.951,8872.601,0.9566680366350556,52.4,0.4572,1.9000000000000057,0.3463149602955351,-1.7181998603579407,0.7389999999999901
1986Q4,0.0,119.4,0.6988757216651376,0.006207840685160004,1.558618023536118,4.651124278334862,110.39,7.9429436842220875,111.226,8920.193,0.5363928796076722,50.5,0.5023,2.5,-0.7162510188710947,-0.25744190937532974,1.2750000000000057
1987Q1,0.0,119.4,1.207000603500319,-0.03310743852232312,3.235800619842477,4.332999396499681,111.739,24.260660873173013,111.588,8986.367,0.7418449354178902,55.0,0.5978,0.0,1.6771825963063591,-0.31812488183518095,0.36199999999999477
1987Q2,0.0,121.1,1.1329755515802065,0.014017781499839232,2.205742757313533,4.527024448419794,113.888,53.38483494143872,111.035,9083.256,1.0781776439800383,57.4,0.6079,1.6999999999999886,-1.030057862528944,0.19402505192011255,-0.5529999999999973
1987Q3,0.0,122.0,1.0613207547169878,0.027794450233120882,2.1693199633816995,4.978679245283012,116.977,45.88746872246684,111.278,9162.024,0.8671780251486849,60.0,0.6345,0.9000000000000057,-0.036422793931833564,0.4516547968632185,0.2430000000000092
1987Q4,0.0,122.7,0.933488914819125,0.01271201287552648,1.990738600916897,4.926511085180875,120.998,-6.609035623894278,111.148,9319.332,1.7169568645530875,61.0,0.4896,0.7000000000000028,-0.1785813624648025,-0.052168160102136873,-0.13000000000000966
1988Q1,0.0,122.9,0.7803468208092523,-0.006797511654030419,1.548712485049908,4.939653179190747,126.748,32.87686641720503,111.922,9367.502,0.5168825405082789,54.6,0.5104,0.20000000000000284,-0.4420261158669889,0.013142094009872096,0.7740000000000009
1988Q2,0.0,123.9,1.1471178663607695,0.04095505278754463,2.470365804069674,5.062882133639231,132.324,6.117382753258361,111.969,9490.594,1.3140322788294911,59.3,0.5228,1.0,0.921653319019766,0.12322895444848392,0.046999999999997044
1988Q3,0.0,124.2,1.219166430394103,0.01711401984253591,2.7466097994149674,5.790833569605897,138.364,6.2159330127701,111.745,9546.206,0.5859696453140995,54.5,0.5042,0.29999999999999716,0.2762439953452933,0.7279514359666654,-0.22399999999998954
1988Q4,0.0,124.9,1.092436974789912,0.02545514367185797,2.4970205230614884,6.637563025210088,144.836,52.18031825945526,111.038,9673.405,1.332456056364184,56.0,0.5158,0.7000000000000028,-0.24958927635347905,0.8467294556041915,-0.7070000000000078
1989Q1,0.0,124.5,1.1360487669714647,0.01679126426455335,2.1098589696687764,7.403951233028534,151.773,-54.32184068118953,110.723,9771.725,1.016394950898869,51.5,0.5152,-0.4000000000000057,-0.38716155339271197,0.7663882078184461,-0.3149999999999977
1989Q2,0.0,125.0,1.6164383561643625,0.011637618201133959,1.4973887960133323,6.793561643835638,157.641,-17.998004097722927,109.476,9846.293,0.7630996574299775,47.3,0.5473,0.5,-0.6124701736554441,-0.6103895891928968,-1.2469999999999999
1989Q3,0.0,124.7,0.7818819088703188,0.03646594730154895,1.3480414579413402,7.058118091129681,162.502,-3.932238799990978,109.166,9919.228,0.7407356250722863,46.0,0.5923,-0.29999999999999716,-0.14934733807199208,0.2645564472940434,-0.3100000000000023
1989Q4,0.0,125.2,1.016586409844833,0.012262676481622936,1.263673936930898,6.633413590155167,166.338,-34.94971547551806,110.149,9938.767,0.1969810553805295,47.4,0.6208,0.5,-0.0843675210104422,-0.4247045009745136,0.9830000000000041
1990Q1,0.0,125.5,1.7213983050847317,0.030265491987671922,1.3912523899245244,6.038601694915268,169.079,14.385622387833711,110.182,10047.386,1.0928820446238552,49.9,0.5984,0.29999999999999716,0.12757845299362636,-0.5948118952398991,0.03300000000000125
1990Q2,0.0,125.5,0.9893256964332188,0.0016987139408046739,0.0961768857662193,6.760674303566781,170.351,19.69060061055205,110.469,10083.855,0.3629700302148153,49.2,0.6232,0.0,-1.295075504158305,0.722072608651513,0.28699999999999193
1990Q3,1.0,125.2,1.7272492910544113,0.01966436714500808,-0.2411613226136921,5.752750708945589,171.17,-50.01524464963287,110.63,10090.569,0.0665816793280038,44.5,0.5271,-0.29999999999999716,-0.3373382083799114,-1.0079235946211922,0.16100000000000136
1990Q4,1.0,125.1,1.6979219462746942,-0.004644706334392512,-0.4614223688150787,5.292078053725306,168.116,-19.822409707030868,111.612,9998.704,-0.910404556967992,40.8,0.5793,-0.10000000000000853,-0.2202610462013866,-0.4606726552202831,0.9819999999999993
1991Q1,0.0,124.4,0.7475703962123381,-0.00453959705635798,-0.730183827816866,5.2724296037876615,164.656,19.275828625617386,110.902,9951.916,-0.4679406451076118,40.7,0.6639,-0.6999999999999886,-0.2687614590017873,-0.019648449937644585,-0.7099999999999937
1991Q2,0.0,124.7,0.5936186000494503,-0.0029217088480064653,0.6958383374256805,4.966381399950549,160.04,-12.611534054769903,110.641,10029.51,0.7796890568610104,50.3,0.6549,0.29999999999999716,1.4260221652425464,-0.3060482038371122,-0.2609999999999957
1991Q3,0.0,123.8,0.762232603884927,-0.009303655688480015,-0.3160566408183296,4.617767396115073,154.376,-18.448864565879344,110.286,10080.195,0.5053586865160886,54.9,0.7025,-0.9000000000000057,-1.01189497824401,-0.34861400383547636,-0.355000000000004
1991Q4,0.0,123.1,0.829673011224985,0.003346515409558437,-0.2609908482889889,3.710326988775015,147.67,-24.888527674397945,110.855,10115.329,0.3485448446185923,46.8,0.8198,-0.7000000000000028,0.05506579252934074,-0.9074404073400579,0.5690000000000026
1992Q1,0.0,122.0,0.6776379477250849,-0.000145765884645432,0.2223073694102684,3.2123620522749152,140.578,7.158292831680913,111.299,10236.435,1.1972522099874316,54.6,0.8288,-1.0999999999999943,0.4832982176992573,-0.49796493650009976,0.4440000000000026
1992Q2,0.0,121.0,0.7692307692307665,0.034334788647018666,-0.1877631506296939,2.9107692307692337,133.267,1.57393891539949,110.934,10347.429,1.0843032755055937,53.6,0.8265,-1.0,-0.4100705200399623,-0.30159282150568156,-0.3650000000000091
1992Q3,0.0,120.2,0.7633587786259444,0.019875483812339167,-0.1426638670019908,2.316641221374056,127.848,-19.773741581307473,110.668,10449.673,0.9881101865980568,49.7,0.8558,-0.7999999999999972,0.0450992836277031,-0.5941280093951775,-0.26599999999999113
1992Q4,0.0,119.2,0.8759469696969724,0.02568173056640544,0.2972316313020862,2.1940530303030275,123.578,39.17545924116063,109.765,10558.648,1.0428555994048685,54.2,0.9517,-1.0,0.439895498304077,-0.1225881910710287,-0.9030000000000058
1993Q1,0.0,118.2,0.7275287491199434,0.009433611028868194,0.3029345183705789,2.2324712508800566,120.512,-24.79770171982132,109.14,10576.275,0.166943722340207,53.5,0.9783,-1.0,0.005702887068492701,0.03841822057702915,-0.625
1993Q2,0.0,118.3,0.7222739981360471,0.010850627362268384,0.4845416195032648,2.247726001863953,118.068,47.90345189073194,109.978,10637.847,0.5821709439287392,49.6,0.9712,0.09999999999999432,0.1816071011326859,0.015254750983896503,0.8379999999999939
1993Q3,0.0,118.5,0.4626416840157521,0.011107713371303118,0.7038266031464957,2.537358315984248,116.302,3.212896976543057,109.225,10688.606,0.477154822775705,50.8,0.9845,0.20000000000000284,0.2192849836432309,0.2896323141202948,-0.7530000000000001
1993Q4,0.0,118.8,0.8289201013124581,0.03980829605852154,0.912412134489582,2.231079898687542,115.271,70.88871396955865,108.995,10833.987,1.360149302911906,55.6,1.014,0.29999999999999716,0.20858553134308633,-0.3062784172967059,-0.22999999999998977
1994Q1,0.0,118.8,0.5023978077186575,0.013128300047099195,0.3100328607640534,2.7376021922813427,114.799,19.9747164430311,107.68,10939.116,0.9703629882517052,56.9,0.9562,0.0,-0.6023792737255287,0.5065222935938007,-1.3149999999999977
1994Q2,0.0,118.9,0.5680527152919668,0.019505781756433915,0.5799315638349789,3.421947284708033,115.474,39.65563079426049,107.99,11087.361,1.355182630845131,58.8,0.9174,0.10000000000000853,0.2698987030709255,0.6843450924266903,0.30999999999998806
1994Q3,0.0,118.8,0.9263443289652118,0.02452452532531635,0.4764810043156764,3.5536556710347886,117.333,28.09069169120356,107.897,11152.176,0.5845845553328566,59.0,0.9511,-0.10000000000000853,-0.10345055951930249,0.13170838632675563,-0.09299999999998931
1994Q4,0.0,119.4,0.5820461159615098,0.04557302037214894,0.4438020506655427,4.6979538840384905,120.277,42.177042400641,107.054,11279.932,1.1455701559946796,56.1,0.9257,0.6000000000000085,-0.032678953650133735,1.1442982130037018,-0.8430000000000035
1995Q1,0.0,119.2,0.7344758513242677,0.051271289601309666,0.3439201647687184,5.0055241486757325,124.873,-24.856026904259107,107.167,11319.951,0.3547805075420518,52.1,0.9827,-0.20000000000000284,-0.09988188589682429,0.307570264637242,0.11299999999999955
1995Q2,0.0,120.2,0.8174988952717621,0.016070322400986603,0.6362593746546352,4.7825011047282375,127.254,6.490951977214446,107.095,11353.721,0.298322846097121,45.9,1.041,1.0,0.29233920988591683,-0.22302304394749495,-0.07200000000000273
1995Q3,0.0,120.7,0.504054350208194,0.009358810327831037,0.8944071565525569,4.865945649791806,127.901,47.69573121314649,107.337,11450.31,0.8507255022384363,48.1,1.098,0.5,0.25814778189792165,0.08344454506356858,0.24200000000000443
1995Q4,0.0,121.5,0.5451373746184096,0.01874217286741797,0.5157632179392024,4.71486262538159,125.825,4.600063090502272,107.354,11528.067,0.6790820510536255,46.2,1.176,0.7999999999999972,-0.37864393861335444,-0.15108302441021593,0.016999999999995907
1996Q1,0.0,121.8,0.889178052483186,0.02104906734912837,0.8485733574080001,4.040821947516814,122.168,25.997338454498248,107.509,11614.418,0.7490501226268043,46.9,1.208,0.29999999999999716,0.33281013946879767,-0.6740406778647765,0.15500000000000114
1996Q2,0.0,122.3,0.8598452278590019,0.02059382890993744,0.6991771913868128,4.160154772140998,119.511,11.704406408744171,107.042,11808.14,1.6679441018912833,53.6,1.25,0.5,-0.14939616602118733,0.11933282462418404,-0.46699999999999875
1996Q3,0.0,122.5,0.5754475703324768,0.03128723155761515,0.5627700774719635,4.524552429667523,118.893,7.4665285793418175,107.093,11914.063,0.8970337411311258,51.1,1.252,0.20000000000000284,-0.13640711391484928,0.3643976575265251,0.05100000000000193
1996Q4,0.0,122.3,0.8688281415554222,0.02694563422519436,0.6298130212656794,4.111171858444578,119.27,19.462846413330645,107.067,12037.775,1.0383695301930065,55.2,1.27,-0.20000000000000284,0.06704294379371589,-0.4133805712229446,-0.02600000000001046
1997Q1,0.0,122.1,0.6092436974789894,0.0212459493093804,0.8147935020121899,4.45075630252101,123.197,15.735288717133509,107.891,12115.472,0.6454431985977394,53.8,1.182,-0.20000000000000284,0.18498048074651052,0.33958444407643196,0.8240000000000123
1997Q2,0.0,122.7,0.2296930465650604,0.02237603956406176,1.007234193155515,4.820306953434939,124.998,8.493446546074495,106.938,12317.221,1.665217830555843,54.9,1.362,0.6000000000000085,0.19244069114332518,0.36955065091392925,-0.953000000000003
1997Q3,0.0,123.5,0.4999999999999893,0.03967056063461572,1.2233500874776482,4.5500000000000105,129.051,39.5670871313152,106.75,12471.01,1.2485689750959317,53.9,1.426,0.7999999999999972,0.21611589432213307,-0.27030695343492894,-0.1880000000000024
1997Q4,0.0,124.1,0.5389718076285188,-0.004864953830612029,1.4913958190596155,4.551028192371481,134.535,-16.107119873100263,107.9,12577.495,0.8538602727445443,54.5,1.408,0.5999999999999943,0.2680457315819673,0.0010281923714705599,1.1500000000000057
1998Q1,0.0,124.9,0.2061855670103085,0.01813030321349496,1.974010909657764,4.843814432989691,147.779,-47.07206644207348,109.022,12703.742,1.0037531320823412,52.9,1.519,0.8000000000000114,0.48261509059814856,0.29278624061821024,1.1219999999999999
1998Q2,0.0,127.0,0.3292181069958877,0.017937405613239532,1.3311978540864189,4.650781893004113,147.641,2.1923121648394703,109.741,12821.339,0.9256878799962952,48.9,1.552,2.0999999999999943,-0.6428130555713452,-0.19303253998557857,0.7189999999999941
1998Q3,0.0,128.1,0.5127153404429929,0.015605069253754378,1.7508916345486014,4.307284659557007,148.551,20.38415997117108,109.707,12982.752,1.258940271371034,48.7,1.362,1.0999999999999943,0.41969378046218253,-0.34349723344710537,-0.034000000000006025
1998Q4,0.0,129.4,0.4692919812283147,0.017011380654837316,1.876400307010684,3.780708018771685,149.128,-20.675479815329904,109.538,13191.67,1.609196570958149,46.8,1.649,1.3000000000000114,0.12550867246208264,-0.5265766407853225,-0.16899999999999693
1999Q1,0.0,130.4,0.3655564581640957,0.02342907558082552,1.5316132094968182,4.044443541835904,150.091,21.40285076366756,109.9,13315.597,0.9394337487217186,52.4,1.679,1.0,-0.3447870975138658,0.26373552306421955,0.362000000000009
1999Q2,0.0,131.3,0.7486847430190346,0.026470098284191224,1.958197984316623,3.7013152569809655,153.867,0.698688212800736,109.622,13426.748,0.8347428958686454,55.8,1.811,0.9000000000000057,0.42658477481980484,-0.34312828485493885,-0.2780000000000058
1999Q3,0.0,133.1,0.7431211086563749,0.02604006069556464,1.9462679554580475,3.9068788913436254,160.264,-28.309697983107075,109.221,13604.771,1.3258832295057754,57.0,1.684,1.799999999999983,-0.011930028858575525,0.2055636343626599,-0.40099999999999625
1999Q4,0.0,133.9,0.7376395534290259,0.0089602669890676,2.1278408290673845,4.302360446570974,168.891,-9.531997599374087,109.265,13827.98,1.6406670865683814,57.8,2.036,0.8000000000000114,0.18157287360933694,0.39548155522734874,0.04399999999999693
2000Q1,0.0,134.8,0.9895111814763436,0.03998859540230115,2.43228113327687,4.530488818523656,180.13,-4.996029322397725,112.828,13878.147,0.3627934087263806,54.9,2.168,0.9000000000000057,0.30444030420948565,0.22812837195268187,3.5630000000000024
2000Q2,0.0,135.7,0.783852635704485,0.038804282800495526,2.53669048173899,4.926147364295515,190.637,0.05102001193961157,110.474,14130.908,1.821287813135264,51.4,2.07,0.8999999999999773,0.10440934846212002,0.3956585457718589,-2.353999999999999
2000Q3,0.0,136.2,0.9138635037915676,0.014454347912834953,2.140299648186872,5.106136496208432,201.886,-17.51585444586596,112.022,14145.312,0.1019325863560904,49.7,1.886,0.5,-0.39639083355211824,0.179989131912917,1.5480000000000018
2000Q4,0.0,136.7,0.7129094412331449,0.0038861701690176,2.2443555665571324,5.307090558766855,212.229,-32.86508352783235,111.152,14229.765,0.5970387927816567,43.9,1.469,0.5,0.10405591837026051,0.20095406255842274,-0.8700000000000045
2001Q1,1.0,136.3,0.9565716472163645,-0.017456134804604728,2.366469087666001,3.863428352783636,222.248,-17.587510328245486,113.626,14183.12,-0.3277988076401672,43.1,1.294,-0.39999999999997726,0.12211352110886864,-1.4436622059832187,2.4740000000000038
2001Q2,1.0,138.4,0.70115595982565,-0.023449983549754472,1.7491616662385745,2.95884404017435,226.792,7.159673953447893,111.694,14271.694,0.624502930243831,43.2,1.392,2.0999999999999943,-0.6173074214274266,-0.9045843126092858,-1.9320000000000022
2001Q3,1.0,140.4,0.2822732404968109,-0.015234989150348932,1.8800874951065083,2.887726759503189,226.777,-16.1689235293437,111.072,14214.516,-0.4006391953190746,46.2,1.158,2.0,0.1309258288679338,-0.07111728067116108,-0.6219999999999999
2001Q4,0.0,141.4,-0.075060987051978,-0.03887698755653657,1.6477314765293016,1.985060987051978,220.458,-63.83561027754122,110.498,14253.574,0.2747754478590769,45.3,1.277,1.0,-0.23235601857720667,-0.902665772451211,-0.5739999999999981
2002Q1,0.0,142.0,0.3192488262910853,-0.03617807213060742,1.7938767516000098,1.4007511737089149,212.094,74.45577817951889,108.748,14372.785,0.8363586564324121,52.4,1.284,0.5999999999999943,0.14614527507070818,-0.5843098133430631,-1.75
2002Q2,0.0,143.2,0.7862223886184738,-0.02505557562099714,2.569882876039564,0.923777611381526,203.887,22.03340450158645,109.038,14460.848,0.6127065840058066,53.6,1.103,1.1999999999999886,0.776006124439554,-0.47697356232738886,0.28999999999999204
2002Q3,0.0,144.2,0.538632986627019,-0.011691927519232648,2.522134283781341,1.101367013372981,196.473,14.741963835717543,108.494,14519.633,0.4065114300350947,50.5,0.9135,1.0,-0.04774859225822281,0.1775894019914549,-0.5439999999999969
2002Q4,0.0,145.6,0.5911694069832052,-0.009197900036322816,2.0110140553674327,0.7388305930167949,188.933,58.122393818333954,108.462,14537.58,0.123605052551956,51.6,0.9102,1.4000000000000057,-0.5111202284139083,-0.36253642035618605,-0.031999999999996476
2003Q1,0.0,146.1,1.028466483011936,0.007889355072131732,2.010765506845491,0.1315335169880638,181.781,-6.911589320882588,107.592,14614.141,0.5266419858050542,46.3,0.8542,0.5,-0.00024854852194167165,-0.6072970760287311,-0.8700000000000045
2003Q2,0.0,148.5,-0.1636066169787176,0.030256218305778626,2.126311188622232,1.2036066169787176,176.932,23.72385914776289,107.826,14743.567,0.885621672871495,49.0,0.9752,2.4000000000000057,0.11554568177674085,1.0720730999906538,0.23399999999999466
2003Q3,0.0,149.2,0.7465404224326067,0.01313360106160788,2.8624599203221024,0.1834595775673934,171.287,30.438648570187667,106.741,14988.782,1.663199956971062,52.4,1.013,0.6999999999999886,0.7361487316998705,-1.0201470394113241,-1.0849999999999937
2003Q4,0.0,149.3,0.3795409362009838,0.011033582936237796,3.219560519680797,0.5404590637990162,166.791,18.88176457262197,106.879,15162.76,1.160721398176312,60.1,1.158,0.10000000000002274,0.35710059935869465,0.3569994862316228,0.13800000000000523
2004Q1,0.0,149.7,0.8462369463449804,-0.011862012303869518,3.338870826839724,0.0737630536550196,161.965,59.57274420831123,105.993,15248.68,0.5666514539569345,60.6,1.14,0.39999999999997726,0.11931030715892676,-0.4666960101439966,-0.8860000000000099
2004Q2,0.0,150.6,0.785574004642009,0.026283155601026564,3.8860436414884343,0.2944259953579911,160.58,34.812375654314316,106.388,15366.85,0.7749523237421174,60.5,1.1,0.9000000000000057,0.5471728146487105,0.22066294170297146,0.39500000000001023
2004Q3,0.0,151.4,0.6377325066430517,0.03091759851878484,3.348743657836639,0.8522674933569483,161.078,32.9643354111788,107.155,15512.619,0.9485938887930924,57.4,1.018,0.8000000000000114,-0.5372999836517951,0.5578414979989572,0.7669999999999959
2004Q4,0.0,153.2,1.073754620665368,0.0326000182090882,3.697143012178472,0.9362453793346316,165.715,-9.964307689878348,106.095,15670.88,1.0202081286209586,57.2,1.101,1.799999999999983,0.3483993543418329,0.0839778859776833,-1.0600000000000023
2005Q1,0.0,153.3,0.5050505050504972,0.033522638152454265,4.036880520526953,2.034949494949503,171.913,62.283199522969625,104.707,15844.727,1.1093633541958248,54.9,1.086,0.10000000000002274,0.33973750834848104,1.0987041156148711,-1.3880000000000052
2005Q2,0.0,154.8,0.6757927568878719,0.025819661090007884,3.8863876806129127,2.184207243112128,175.779,54.13704778011997,104.688,15922.782,0.4926244548107306,52.6,1.067,1.5,-0.1504928399140404,0.14925774816262516,-0.018999999999991246
2005Q3,0.0,156.0,1.5146299483648873,0.02760430071380915,3.400960157993893,1.8453700516351128,177.154,-40.52043241857833,104.315,16047.587,0.7838140345072908,56.5,1.076,1.1999999999999886,-0.48542752261901967,-0.3388371914770152,-0.37300000000000466
2005Q4,0.0,157.3,0.9325194981349538,0.01823564239194786,2.7393154090025185,2.8974805018650462,175.067,97.74326332232116,103.981,16136.734,0.5555165396517348,54.9,1.035,1.3000000000000114,-0.6616447489913746,1.0521104502299334,-0.3340000000000032
2006Q1,0.0,159.0,0.5207458424324019,0.04232883027221668,1.8470219023033247,3.869254157567598,171.815,8.037452623811632,104.602,16353.835,1.3453837684874737,54.7,1.089,1.6999999999999886,-0.8922935066991937,0.9717736557025516,0.6210000000000093
2006Q2,0.0,160.9,0.9024064171123004,0.024241183765365992,-0.7187900925639035,3.7975935828877,175.397,-13.822816636883053,103.952,16396.151,0.25875276349554,52.4,1.006,1.9000000000000057,-2.565811994867228,-0.07166057467989795,-0.6500000000000057
2006Q3,0.0,162.3,0.9440211990725532,0.02274978527588134,-0.749703189038442,3.965978800927447,183.804,66.68087012765241,103.933,16420.738,0.1499559256315619,51.8,1.002,1.4000000000000057,-0.03091309647453855,0.16838521803974693,-0.018999999999991246
2006Q4,0.0,163.9,-0.410172272354381,0.014393687465806826,-0.0083785425574411,5.310172272354381,201.266,-44.9946434923992,104.823,16561.866,0.8594498006118778,52.0,1.052,1.5999999999999943,0.7413246464810009,1.3441934714269346,0.8899999999999864
2007Q1,0.0,164.9,0.9803953871499128,0.018260087274364345,-0.982176644077537,3.999604612850088,226.705,-24.901328740082434,106.073,16611.69,0.3008356667056455,51.2,1.062,1.0,-0.9737981015200959,-1.3105676595042932,1.25
2007Q2,0.0,167.5,1.1325538256728551,0.023491797380651217,-3.0151683482818825,3.607446174327145,250.027,20.5905393961182,104.952,16713.314,0.6117619579946387,53.2,1.103,2.5999999999999943,-2.0329917042043455,-0.3921584385229431,-1.1209999999999951
2007Q3,0.0,169.2,0.6330124715071772,0.012510572851020418,-2.804368441730176,3.666987528492823,274.223,-67.08077151308738,104.096,16809.587,0.5760257959612325,50.4,1.098,1.6999999999999886,0.21079990655170633,0.05954135416567796,-0.8559999999999945
2007Q4,1.0,170.6,1.2266417875755442,0.011937230041503932,-3.249147995845103,2.163358212424456,296.538,10.644700753704068,104.334,16915.191,0.6282367318126258,48.7,1.043,1.4000000000000057,-0.44477955411492687,-1.5036293160683671,0.23799999999999955
2008Q1,1.0,171.4,1.083188565076032,0.013894528348601165,-3.979842974187964,0.956811434923968,316.924,-44.154414445089834,105.77,16843.003,-0.4267643208994753,49.1,0.9784,0.8000000000000114,-0.7306949783428611,-1.2065467775004879,1.4359999999999928
2008Q2,1.0,171.2,1.3009373203260566,0.008429545410146622,-4.631213873810669,0.3290626796739433,330.362,-5.256204328049761,104.3,16943.291,0.5954282618129358,50.0,1.0,-0.20000000000001705,-0.6513708996227048,-0.6277487552500247,-1.4699999999999989
2008Q3,1.0,172.0,1.5418805375084998,-0.008652431827333218,-4.541652124520734,-0.0518805375084998,331.896,75.86719089657446,104.231,16854.295,-0.5252580505168858,43.2,0.8735,0.8000000000000114,0.08956174928993477,-0.3809432171824431,-0.06900000000000261
2008Q4,1.0,170.7,-2.2901902729738577,-0.03768246621461291,-5.274229463915869,2.590190272973857,323.4,-102.876848543,106.13,16485.35,-2.189026595298116,33.3,0.7199,-1.3000000000000114,-0.7325773393951351,2.6420708104823567,1.899000000000001
2009Q1,1.0,170.3,-0.6878696149613561,-0.08648578477801451,-2.951985329761264,0.8978696149613561,310.407,-68.96814674742727,102.041,16298.262,-1.1348742974823025,36.6,0.6534,-0.39999999999997726,2.322244134154605,-1.692320658012501,-4.088999999999999
2009Q2,0.0,170.9,0.5317571056592474,-0.051373389297256884,-0.0021759750594263,-0.3617571056592473,301.832,-37.70328825776675,102.951,16269.145,-0.1786509506351064,44.7,0.8185,0.5999999999999943,2.949809354701838,-1.2596267206206033,0.9099999999999966
2009Q3,0.0,171.1,0.8603933360498583,-0.017405494974516933,0.2809023904417174,-0.7003933360498583,296.427,31.466163749715488,102.03,16326.281,0.3511923951750484,53.2,0.9983,0.19999999999998863,0.2830783655011437,-0.338636230390611,-0.9209999999999923
2009Q4,0.0,169.5,0.7829333531466087,0.002659882532501267,0.5829853712848276,-0.7229333531466087,297.44,103.5692493107,100.997,16502.754,1.0809136508185713,56.4,1.046,-1.5999999999999943,0.30208298084311025,-0.022540017096750353,-1.0330000000000013
2010Q1,0.0,167.5,0.1585034327051593,0.004756909198248449,-0.9205787041215884,-0.0485034327051593,301.273,82.0623884983847,99.433,16582.71,0.4845009505686004,59.3,1.095,-2.0,-1.5035640754064161,0.6744299204414493,-1.563999999999993
2010Q2,0.0,165.0,-0.0352694741168169,0.04389707778346086,0.3168785545439867,0.1852694741168169,304.529,20.379979115371974,99.828,16743.162,0.9675861183124024,56.0,0.9061,-2.5,1.2374572586655752,0.2337729068219762,0.394999999999996
2010Q3,0.0,162.9,0.2931467175544489,0.033213795739732044,-2.145145484935007,-0.1331467175544488,305.388,91.91051401988483,99.616,16872.266,0.7710849360473171,56.4,1.014,-2.0999999999999943,-2.462024039478994,-0.31841619167126567,-0.2120000000000033
2010Q4,0.0,160.7,0.8097240300212638,0.027492437894321098,-0.852587736665189,-0.6697240300212638,304.717,-38.84311858190611,99.121,16960.864,0.5251102608268665,57.3,1.298,-2.200000000000017,1.292557748269818,-0.536577312466815,-0.49500000000000455
2011Q1,0.0,159.0,1.0672177236431102,0.0013449360449726549,-1.743226250665053,-0.9372177236431102,301.82,-64.57920286318162,101.255,16920.632,-0.2372048971090112,59.3,1.357,-1.6999999999999886,-0.890638513999864,-0.2674936936218464,2.1340000000000003
2011Q2,0.0,157.7,1.1370135904199108,0.03438046146368379,0.5508587291608968,-1.0870135904199107,300.594,97.2911876946048,99.687,17035.114,0.6765822931436682,55.8,1.314,-1.3000000000000114,2.29408497982595,-0.14979586677680057,-1.5679999999999978
2011Q3,0.0,156.8,0.6520658151564662,0.04921877186547596,0.3866729119131662,-0.6320658151564662,301.649,14.177961281606128,100.104,17031.313,-0.0223127359171404,53.2,1.106,-0.8999999999999773,-0.16418581724773063,0.45494777526344454,0.4170000000000016
2011Q4,0.0,156.1,0.4489026659863393,0.031219464255629825,-0.1101203129438843,-0.4389026659863393,303.139,28.70401781522087,97.84,17222.583,1.1230490567579965,52.9,1.232,-0.700000000000017,-0.4967932248570505,0.1931631491701269,-2.263999999999996
2012Q1,0.0,154.5,0.5631718496290183,0.030444496179121705,0.9017856705048288,-0.4931718496290183,306.69,20.861282342766035,99.258,17367.01,0.838590819971663,53.0,1.378,-1.5999999999999943,1.0119059834487132,-0.054269183642678964,1.4179999999999922
2012Q2,0.0,153.4,0.2111016704186008,0.026109193147121346,2.5202560236964544,-0.1211016704186008,308.752,16.148622176883602,98.803,17444.525,0.4463347461653111,51.0,1.309,-1.0999999999999943,1.6184703531916256,0.37207017921041746,-0.4549999999999983
2012Q3,0.0,153.0,0.4514702283137106,-0.0015863195390917182,1.9833845588888896,-0.3514702283137106,308.786,-37.127903320303325,98.591,17469.65,0.1440279973229374,52.2,1.363,-0.4000000000000057,-0.5368714648075648,-0.2303685578951098,-0.2120000000000033
2012Q4,0.0,152.7,0.6649524381347582,0.002305881351571503,2.17493190357958,-0.5749524381347583,307.44,20.38578039491158,101.167,17489.852,0.1156405537603655,50.4,1.362,-0.30000000000001137,0.19154734469069035,-0.22348220982104766,2.5760000000000076
2013Q1,0.0,151.5,0.4019547390319733,-0.001131631447130798,2.495971556934151,-0.3119547390319733,302.806,39.40803219947623,98.992,17662.4,0.9865606638638448,51.5,1.524,-1.1999999999999886,0.3210396533545712,0.262997699102785,-2.174999999999997
2013Q2,0.0,151.6,-0.1094851757359127,0.008384461502195517,2.55867638066718,0.1594851757359127,300.454,-11.2961927839703,99.71,17709.671,0.2676363348129262,52.5,1.498,0.09999999999999432,0.06270482373302899,0.471439914767886,0.7179999999999893
2013Q3,0.0,151.6,0.540843370897881,0.022783479342791457,2.4711135984757604,-0.510843370897881,299.709,-19.1097590731056,98.29,17860.45,0.851393569084391,56.0,1.532,0.0,-0.08756278219141977,-0.6703285466337937,-1.4199999999999875
2013Q4,0.0,151.6,0.3697671095870936,0.02657240294431551,1.913027294541525,-0.3097671095870936,302.379,1.5097085137747333,97.562,18016.147,0.8717417534272576,56.5,1.645,0.0,-0.5580863039342354,0.20107626131078743,-0.7280000000000086
2014Q1,0.0,151.5,0.6227864390565996,0.03339915346309996,1.304271561121606,-0.5727864390565995,305.695,-46.88517125152496,99.981,17953.974,-0.3450959852847712,53.7,1.695,-0.09999999999999432,-0.608755733419919,-0.26301932946950596,2.418999999999997
2014Q2,0.0,151.2,0.5310788653529741,0.03544312441060571,0.6455145178777322,-0.5010788653529741,309.141,69.88496005913152,98.313,18185.911,1.2918421292132942,55.3,1.768,-0.30000000000001137,-0.6587570432438739,0.07170757370362546,-1.6679999999999922
2014Q3,0.0,150.4,0.2558340146661342,0.022671558873625042,1.303542424396387,-0.2258340146661342,312.482,59.35742826671232,97.572,18406.941,1.2153914093167906,56.6,1.726,-0.799999999999983,0.6580279065186547,0.2752448506868399,-0.7409999999999997
2014Q4,0.0,150.6,-0.2484437176724863,0.008229068630421166,1.52472542193971,0.2684437176724863,315.302,4.261503205362924,99.037,18500.031,0.5057331362120498,55.1,1.785,0.19999999999998863,0.22118299754332305,0.4942777323386205,1.4650000000000034
2015Q1,0.0,149.9,-0.6472810677323193,-0.005250679561331406,1.2615554577322108,0.6772810677323193,318.652,-31.441423211854328,99.693,18666.621,0.9004849775657187,51.5,1.342,-0.6999999999999886,-0.26316996420749916,0.408837350059833,0.6559999999999917
2015Q2,0.0,150.7,0.6819485458137597,-0.001569716880054694,1.1588294654593767,-0.6619485458137597,322.344,-20.93681483964849,99.533,18782.243,0.6194050867588619,53.5,1.31,0.799999999999983,-0.10272599227283408,-1.339229613546079,-0.1599999999999966
2015Q3,0.0,151.0,0.3777008777852808,0.00275631968867196,1.412597532850146,-0.3377008777852808,326.383,22.216509575012534,99.681,18857.418,0.4002450612528241,50.2,1.198,0.30000000000001137,0.2537680673907694,0.32424766802847893,0.14799999999999613
2015Q4,0.0,150.8,-0.0075676357444653,-0.005872290010408121,1.4672748876520814,0.1275676357444654,330.769,-24.039302390572008,100.174,18892.206,0.1844791264636436,48.0,1.255,-0.19999999999998863,0.05467735480193525,0.4652685135297462,0.4930000000000092
2016Q1,0.0,151.4,-0.0620873399288846,-0.0026068220661557002,1.204626777517337,0.3520873399288846,335.492,8.36168741319317,99.909,19001.69,0.5795194060450148,51.8,1.293,0.5999999999999943,-0.26264811013474443,0.2245197041844192,-0.26500000000000057
2016Q2,0.0,152.1,0.7997834708611151,0.014902355789417232,1.1154773834275211,-0.5397834708611151,340.739,-59.460397672037864,99.458,19062.709,0.3211240684381167,53.2,1.29,0.6999999999999886,-0.08914939408981581,-0.8918708107899997,-0.4510000000000076
2016Q3,0.0,153.0,0.4244745544826012,0.013173921511023368,1.377620062228324,-0.1244745544826012,346.507,5.996601754106031,99.306,19197.938,0.7093902550786346,51.5,1.268,0.9000000000000057,0.2621426788008028,0.4153089163785139,-0.15200000000000102
2016Q4,0.0,152.5,0.6347825364148019,0.008274743867925594,1.5551454240795517,-0.2047825364148018,352.802,-3.175797008276009,99.274,19304.352,0.5542991127484687,54.5,1.284,-0.5,0.1775253618512278,-0.0803079819322006,-0.031999999999996476
2017Q1,0.0,152.7,0.7037406181684025,0.006539509830267853,1.3380695793231645,-0.1137406181684025,352.265,18.341949347367642,99.721,19398.343,0.4868902100417571,57.2,1.327,0.19999999999998863,-0.2170758447563872,0.09104191824639929,0.44700000000000273
2017Q2,0.0,153.4,0.1153768338628236,0.02002878529274854,1.4136806034572125,0.7746231661371764,351.937,5.970152197986236,100.101,19506.949,0.5598725623111145,57.8,1.264,0.700000000000017,0.07561102413404797,0.8883637843055789,0.37999999999999545
2017Q3,0.0,153.4,0.4780435851220677,0.010459787961251354,1.5163973701025846,0.5619564148779324,351.798,-21.76958668252514,100.062,19660.766,0.7885241305547019,60.8,1.338,0.0,0.1027167666453721,-0.21266675125924406,-0.03900000000000148
2017Q4,0.0,154.1,0.7955306776687543,0.026466672030772687,1.5872565014197093,0.4144693223312456,351.852,22.488287432276827,100.127,19882.352,1.1270466267692791,59.3,1.364,0.6999999999999886,0.07085913131712474,-0.14748709254668674,0.06499999999999773
2018Q1,0.0,153.3,0.8426417154837162,0.03524479485377041,1.5423959518453323,0.7173582845162838,351.932,9.865760109648189,99.831,20044.077,0.8134098018182323,59.3,1.354,-0.799999999999983,-0.04486054957437702,0.3028889621850382,-0.29599999999999227
2018Q2,0.0,153.9,0.5444105004913213,0.01452618435592079,1.142422247462349,1.2955894995086787,354.553,28.409930131039648,99.597,20150.476,0.5308251410129694,60.2,1.395,0.5999999999999943,-0.3999737043829832,0.5782312149923949,-0.23400000000000887
